{
  "generation": 21,
  "genes": {
    "w_tension": 0.2757258863216843,
    "w_satisfaction": 0.25857671366214874,
    "w_reality": 0.3948407076726052,
    "max_tension": 0.95,
    "dream_latency": 9.585300200503465,
    "consolidation_interval": 45.46909338655007,
    "base_burn_rate": 0.1,
    "deep_thought_cost": 2.0,
    "curiosity": 0.5466328952099629,
    "caution": 0.628131212599511
  },
  "parent_id": "Genesis",
  "mutation_rate": 0.05
}